loss,metric_acc,metric_f1,metric_precision,metric_recall,time,lr,val_loss,val_metric_acc,val_metric_f1,val_metric_precision,val_metric_recall,val_time
1.8065003156661987,0.0,0.0,0.0,0.0,0.04300355911254883,0.01,2.4290525913238525,0.11801242,0.03518518518518519,0.019668737060041408,0.16666666666666666,0.03300118446350098
